condition_id,training_name,approved_family,name,z_nm,background_counts,image_size_px,pixel_size_nm,fps,num_frames_source,duration_seconds_source,na,wavelength_nm,exposure_ms,viscosity_pa_s,empirical_std,empirical_gradient,background_method,drift_nm_s,vibration_nm,source_output,source_dataset_preset,recovered_from,source_metadata,condition_source,particle_count,source_initial_position_nm,z_selection_note
E07_000,E07_000_upper_z_minus_1200_clean_mid_counts,upper,z_minus_1200_clean_mid_counts,-1200.0,6500.0,256,116.0,40.0,1,0.025,1.2,520.0,25.0,0.0015,0.004,0.002,reference_frame,"[0.0, 0.0, 0.0]",0.0,caustic_one_frame_matching_sweep,local_caustic_one_frame_matching,outputs/caustic_one_frame_matching_sweep/condition_plan.json,outputs/caustic_one_frame_matching_sweep/metadata/video_0000.json,one_frame_matching,1,"[14848.0, 14848.0, -1200.0]",Initial z is swept around the focal plane and modest defocus range. Brownian z is not constrained by this sweep condition.
E07_001,E07_001_upper_z_minus_800_clean_mid_counts,upper,z_minus_800_clean_mid_counts,-800.0,6500.0,256,116.0,40.0,1,0.025,1.2,520.0,25.0,0.0015,0.004,0.002,reference_frame,"[0.0, 0.0, 0.0]",0.0,caustic_one_frame_matching_sweep,local_caustic_one_frame_matching,outputs/caustic_one_frame_matching_sweep/condition_plan.json,outputs/caustic_one_frame_matching_sweep/metadata/video_0001.json,one_frame_matching,1,"[14848.0, 14848.0, -800.0]",Initial z is swept around the focal plane and modest defocus range. Brownian z is not constrained by this sweep condition.
E07_002,E07_002_upper_z_minus_400_clean_mid_counts,upper,z_minus_400_clean_mid_counts,-400.0,6500.0,256,116.0,40.0,1,0.025,1.2,520.0,25.0,0.0015,0.004,0.002,reference_frame,"[0.0, 0.0, 0.0]",0.0,caustic_one_frame_matching_sweep,local_caustic_one_frame_matching,outputs/caustic_one_frame_matching_sweep/condition_plan.json,outputs/caustic_one_frame_matching_sweep/metadata/video_0002.json,one_frame_matching,1,"[14848.0, 14848.0, -400.0]",Initial z is swept around the focal plane and modest defocus range. Brownian z is not constrained by this sweep condition.
E07_003,E07_003_upper_z0_clean_mid_counts,upper,z0_clean_mid_counts,0.0,6500.0,256,116.0,40.0,1,0.025,1.2,520.0,25.0,0.0015,0.004,0.002,reference_frame,"[0.0, 0.0, 0.0]",0.0,caustic_one_frame_matching_sweep,local_caustic_one_frame_matching,outputs/caustic_one_frame_matching_sweep/condition_plan.json,outputs/caustic_one_frame_matching_sweep/metadata/video_0003.json,one_frame_matching,1,"[14848.0, 14848.0, 0.0]",Initial z is swept around the focal plane and modest defocus range. Brownian z is not constrained by this sweep condition.
E07_004,E07_004_upper_z_plus_400_clean_mid_counts,upper,z_plus_400_clean_mid_counts,400.0,6500.0,256,116.0,40.0,1,0.025,1.2,520.0,25.0,0.0015,0.004,0.002,reference_frame,"[0.0, 0.0, 0.0]",0.0,caustic_one_frame_matching_sweep,local_caustic_one_frame_matching,outputs/caustic_one_frame_matching_sweep/condition_plan.json,outputs/caustic_one_frame_matching_sweep/metadata/video_0004.json,one_frame_matching,1,"[14848.0, 14848.0, 400.0]",Initial z is swept around the focal plane and modest defocus range. Brownian z is not constrained by this sweep condition.
E07_005,E07_005_upper_z_plus_800_clean_mid_counts,upper,z_plus_800_clean_mid_counts,800.0,6500.0,256,116.0,40.0,1,0.025,1.2,520.0,25.0,0.0015,0.004,0.002,reference_frame,"[0.0, 0.0, 0.0]",0.0,caustic_one_frame_matching_sweep,local_caustic_one_frame_matching,outputs/caustic_one_frame_matching_sweep/condition_plan.json,outputs/caustic_one_frame_matching_sweep/metadata/video_0005.json,one_frame_matching,1,"[14848.0, 14848.0, 800.0]",Initial z is swept around the focal plane and modest defocus range. Brownian z is not constrained by this sweep condition.
E07_006,E07_006_upper_z_plus_1200_clean_mid_counts,upper,z_plus_1200_clean_mid_counts,1200.0,6500.0,256,116.0,40.0,1,0.025,1.2,520.0,25.0,0.0015,0.004,0.002,reference_frame,"[0.0, 0.0, 0.0]",0.0,caustic_one_frame_matching_sweep,local_caustic_one_frame_matching,outputs/caustic_one_frame_matching_sweep/condition_plan.json,outputs/caustic_one_frame_matching_sweep/metadata/video_0006.json,one_frame_matching,1,"[14848.0, 14848.0, 1200.0]",Initial z is swept around the focal plane and modest defocus range. Brownian z is not constrained by this sweep condition.
E07_007,E07_007_upper_z_plus_1600_clean_mid_counts,upper,z_plus_1600_clean_mid_counts,1600.0,6500.0,256,116.0,40.0,1,0.025,1.2,520.0,25.0,0.0015,0.004,0.002,reference_frame,"[0.0, 0.0, 0.0]",0.0,caustic_one_frame_matching_sweep,local_caustic_one_frame_matching,outputs/caustic_one_frame_matching_sweep/condition_plan.json,outputs/caustic_one_frame_matching_sweep/metadata/video_0007.json,one_frame_matching,1,"[14848.0, 14848.0, 1600.0]",Initial z is swept around the focal plane and modest defocus range. Brownian z is not constrained by this sweep condition.
E07_008,E07_008_upper_z_plus_2000_clean_mid_counts,upper,z_plus_2000_clean_mid_counts,2000.0,6500.0,256,116.0,40.0,1,0.025,1.2,520.0,25.0,0.0015,0.004,0.002,reference_frame,"[0.0, 0.0, 0.0]",0.0,caustic_one_frame_matching_sweep,local_caustic_one_frame_matching,outputs/caustic_one_frame_matching_sweep/condition_plan.json,outputs/caustic_one_frame_matching_sweep/metadata/video_0008.json,one_frame_matching,1,"[14848.0, 14848.0, 2000.0]",Initial z is swept around the focal plane and modest defocus range. Brownian z is not constrained by this sweep condition.
E07_009,E07_009_upper_lower_counts_z800,upper,lower_counts_z800,800.0,3500.0,256,116.0,40.0,1,0.025,1.2,520.0,25.0,0.0015,0.004,0.002,reference_frame,"[0.0, 0.0, 0.0]",0.0,caustic_one_frame_matching_sweep,local_caustic_one_frame_matching,outputs/caustic_one_frame_matching_sweep/condition_plan.json,outputs/caustic_one_frame_matching_sweep/metadata/video_0009.json,one_frame_matching,1,"[14848.0, 14848.0, 800.0]",Initial z is swept around the focal plane and modest defocus range. Brownian z is not constrained by this sweep condition.
E07_010,E07_010_upper_higher_counts_z800,upper,higher_counts_z800,800.0,9000.0,256,116.0,40.0,1,0.025,1.2,520.0,25.0,0.0015,0.004,0.002,reference_frame,"[0.0, 0.0, 0.0]",0.0,caustic_one_frame_matching_sweep,local_caustic_one_frame_matching,outputs/caustic_one_frame_matching_sweep/condition_plan.json,outputs/caustic_one_frame_matching_sweep/metadata/video_0010.json,one_frame_matching,1,"[14848.0, 14848.0, 800.0]",Initial z is swept around the focal plane and modest defocus range. Brownian z is not constrained by this sweep condition.
E07_011,E07_011_upper_short_exposure_z800,upper,short_exposure_z800,800.0,6500.0,256,116.0,40.0,1,0.025,1.2,520.0,12.0,0.0015,0.004,0.002,reference_frame,"[0.0, 0.0, 0.0]",0.0,caustic_one_frame_matching_sweep,local_caustic_one_frame_matching,outputs/caustic_one_frame_matching_sweep/condition_plan.json,outputs/caustic_one_frame_matching_sweep/metadata/video_0011.json,one_frame_matching,1,"[14848.0, 14848.0, 800.0]",Initial z is swept around the focal plane and modest defocus range. Brownian z is not constrained by this sweep condition.
E07_012,E07_012_upper_max_frame_exposure_z800,upper,max_frame_exposure_z800,800.0,6500.0,256,116.0,40.0,1,0.025,1.2,520.0,24.0,0.0015,0.004,0.002,reference_frame,"[0.0, 0.0, 0.0]",0.0,caustic_one_frame_matching_sweep,local_caustic_one_frame_matching,outputs/caustic_one_frame_matching_sweep/condition_plan.json,outputs/caustic_one_frame_matching_sweep/metadata/video_0012.json,one_frame_matching,1,"[14848.0, 14848.0, 800.0]",Initial z is swept around the focal plane and modest defocus range. Brownian z is not constrained by this sweep condition.
E07_013,E07_013_upper_lower_na_z800,upper,lower_na_z800,800.0,7000.0,256,116.0,40.0,1,0.025,1.05,520.0,25.0,0.0015,0.004,0.002,reference_frame,"[0.0, 0.0, 0.0]",0.0,caustic_one_frame_matching_sweep,local_caustic_one_frame_matching,outputs/caustic_one_frame_matching_sweep/condition_plan.json,outputs/caustic_one_frame_matching_sweep/metadata/video_0013.json,one_frame_matching,1,"[14848.0, 14848.0, 800.0]",Initial z is swept around the focal plane and modest defocus range. Brownian z is not constrained by this sweep condition.
E07_014,E07_014_upper_higher_na_z800,upper,higher_na_z800,800.0,7000.0,256,116.0,40.0,1,0.025,1.3,520.0,25.0,0.0015,0.004,0.002,reference_frame,"[0.0, 0.0, 0.0]",0.0,caustic_one_frame_matching_sweep,local_caustic_one_frame_matching,outputs/caustic_one_frame_matching_sweep/condition_plan.json,outputs/caustic_one_frame_matching_sweep/metadata/video_0014.json,one_frame_matching,1,"[14848.0, 14848.0, 800.0]",Initial z is swept around the focal plane and modest defocus range. Brownian z is not constrained by this sweep condition.
E07_015,E07_015_upper_green_shorter_wavelength_z800,upper,green_shorter_wavelength_z800,800.0,7000.0,256,116.0,40.0,1,0.025,1.2,500.0,25.0,0.0015,0.004,0.002,reference_frame,"[0.0, 0.0, 0.0]",0.0,caustic_one_frame_matching_sweep,local_caustic_one_frame_matching,outputs/caustic_one_frame_matching_sweep/condition_plan.json,outputs/caustic_one_frame_matching_sweep/metadata/video_0015.json,one_frame_matching,1,"[14848.0, 14848.0, 800.0]",Initial z is swept around the focal plane and modest defocus range. Brownian z is not constrained by this sweep condition.
E07_016,E07_016_upper_yellow_longer_wavelength_z800,upper,yellow_longer_wavelength_z800,800.0,7000.0,256,116.0,40.0,1,0.025,1.2,560.0,25.0,0.0015,0.004,0.002,reference_frame,"[0.0, 0.0, 0.0]",0.0,caustic_one_frame_matching_sweep,local_caustic_one_frame_matching,outputs/caustic_one_frame_matching_sweep/condition_plan.json,outputs/caustic_one_frame_matching_sweep/metadata/video_0016.json,one_frame_matching,1,"[14848.0, 14848.0, 800.0]",Initial z is swept around the focal plane and modest defocus range. Brownian z is not constrained by this sweep condition.
E07_017,E07_017_upper_no_residual_texture_z0,upper,no_residual_texture_z0,0.0,7000.0,256,116.0,40.0,1,0.025,1.2,520.0,25.0,0.0015,0.0,0.0,reference_frame,"[0.0, 0.0, 0.0]",0.0,caustic_one_frame_matching_sweep,local_caustic_one_frame_matching,outputs/caustic_one_frame_matching_sweep/condition_plan.json,outputs/caustic_one_frame_matching_sweep/metadata/video_0017.json,one_frame_matching,1,"[14848.0, 14848.0, 0.0]",Initial z is swept around the focal plane and modest defocus range. Brownian z is not constrained by this sweep condition.
E07_018,E07_018_upper_no_residual_texture_z800,upper,no_residual_texture_z800,800.0,7000.0,256,116.0,40.0,1,0.025,1.2,520.0,25.0,0.0015,0.0,0.0,reference_frame,"[0.0, 0.0, 0.0]",0.0,caustic_one_frame_matching_sweep,local_caustic_one_frame_matching,outputs/caustic_one_frame_matching_sweep/condition_plan.json,outputs/caustic_one_frame_matching_sweep/metadata/video_0018.json,one_frame_matching,1,"[14848.0, 14848.0, 800.0]",Initial z is swept around the focal plane and modest defocus range. Brownian z is not constrained by this sweep condition.
E07_019,E07_019_upper_no_residual_texture_z1600,upper,no_residual_texture_z1600,1600.0,7000.0,256,116.0,40.0,1,0.025,1.2,520.0,25.0,0.0015,0.0,0.0,reference_frame,"[0.0, 0.0, 0.0]",0.0,caustic_one_frame_matching_sweep,local_caustic_one_frame_matching,outputs/caustic_one_frame_matching_sweep/condition_plan.json,,one_frame_matching,1,,Initial z is swept around the focal plane and modest defocus range. Brownian z is not constrained by this sweep condition.
E07_020,E07_020_upper_lower_residual_texture_z800,upper,lower_residual_texture_z800,800.0,7000.0,256,116.0,40.0,1,0.025,1.2,520.0,25.0,0.0015,0.002,0.001,reference_frame,"[0.0, 0.0, 0.0]",0.0,caustic_one_frame_matching_sweep,local_caustic_one_frame_matching,outputs/caustic_one_frame_matching_sweep/condition_plan.json,,one_frame_matching,1,,Initial z is swept around the focal plane and modest defocus range. Brownian z is not constrained by this sweep condition.
E07_021,E07_021_upper_moderate_residual_texture_z800,upper,moderate_residual_texture_z800,800.0,7000.0,256,116.0,40.0,1,0.025,1.2,520.0,25.0,0.0015,0.008,0.004,reference_frame,"[0.0, 0.0, 0.0]",0.0,caustic_one_frame_matching_sweep,local_caustic_one_frame_matching,outputs/caustic_one_frame_matching_sweep/condition_plan.json,,one_frame_matching,1,,Initial z is swept around the focal plane and modest defocus range. Brownian z is not constrained by this sweep condition.
E07_022,E07_022_upper_fine_residual_texture_z800,upper,fine_residual_texture_z800,800.0,7000.0,256,116.0,40.0,1,0.025,1.2,520.0,25.0,0.0015,0.01,0.004,reference_frame,"[0.0, 0.0, 0.0]",0.0,caustic_one_frame_matching_sweep,local_caustic_one_frame_matching,outputs/caustic_one_frame_matching_sweep/condition_plan.json,,one_frame_matching,1,,Initial z is swept around the focal plane and modest defocus range. Brownian z is not constrained by this sweep condition.
E07_023,E07_023_upper_slower_brownian_z800,upper,slower_brownian_z800,800.0,7000.0,256,116.0,40.0,1,0.025,1.2,520.0,25.0,0.004,0.004,0.002,reference_frame,"[0.0, 0.0, 0.0]",0.0,caustic_one_frame_matching_sweep,local_caustic_one_frame_matching,outputs/caustic_one_frame_matching_sweep/condition_plan.json,,one_frame_matching,1,,Initial z is swept around the focal plane and modest defocus range. Brownian z is not constrained by this sweep condition.
E07_024,E07_024_upper_small_vibration_z800,upper,small_vibration_z800,800.0,7000.0,256,116.0,40.0,1,0.025,1.2,520.0,25.0,0.0015,0.004,0.002,reference_frame,"[0.0, 0.0, 0.0]",12.0,caustic_one_frame_matching_sweep,local_caustic_one_frame_matching,outputs/caustic_one_frame_matching_sweep/condition_plan.json,,one_frame_matching,1,,Initial z is swept around the focal plane and modest defocus range. Brownian z is not constrained by this sweep condition.
E07_025,E07_025_upper_high_counts_low_texture_z0,upper,high_counts_low_texture_z0,0.0,10000.0,256,116.0,40.0,1,0.025,1.2,520.0,25.0,0.0015,0.002,0.001,reference_frame,"[0.0, 0.0, 0.0]",0.0,caustic_one_frame_matching_sweep,local_caustic_one_frame_matching,outputs/caustic_one_frame_matching_sweep/condition_plan.json,,one_frame_matching,1,,Initial z is swept around the focal plane and modest defocus range. Brownian z is not constrained by this sweep condition.
E07_026,E07_026_upper_high_counts_low_texture_z800,upper,high_counts_low_texture_z800,800.0,10000.0,256,116.0,40.0,1,0.025,1.2,520.0,25.0,0.0015,0.002,0.001,reference_frame,"[0.0, 0.0, 0.0]",0.0,caustic_one_frame_matching_sweep,local_caustic_one_frame_matching,outputs/caustic_one_frame_matching_sweep/condition_plan.json,,one_frame_matching,1,,Initial z is swept around the focal plane and modest defocus range. Brownian z is not constrained by this sweep condition.
E07_027,E07_027_upper_high_counts_low_texture_z1600,upper,high_counts_low_texture_z1600,1600.0,10000.0,256,116.0,40.0,1,0.025,1.2,520.0,25.0,0.0015,0.002,0.001,reference_frame,"[0.0, 0.0, 0.0]",0.0,caustic_one_frame_matching_sweep,local_caustic_one_frame_matching,outputs/caustic_one_frame_matching_sweep/condition_plan.json,,one_frame_matching,1,,Initial z is swept around the focal plane and modest defocus range. Brownian z is not constrained by this sweep condition.
E07_028,E07_028_upper_high_counts_short_exposure_z800,upper,high_counts_short_exposure_z800,800.0,10000.0,256,116.0,40.0,1,0.025,1.2,520.0,14.0,0.0015,0.002,0.001,reference_frame,"[0.0, 0.0, 0.0]",0.0,caustic_one_frame_matching_sweep,local_caustic_one_frame_matching,outputs/caustic_one_frame_matching_sweep/condition_plan.json,,one_frame_matching,1,,Initial z is swept around the focal plane and modest defocus range. Brownian z is not constrained by this sweep condition.
E07_029,E07_029_upper_small_stage_drift_z800,upper,small_stage_drift_z800,800.0,8000.0,256,116.0,40.0,1,0.025,1.2,520.0,25.0,0.0015,0.004,0.002,reference_frame,"[45.0, -25.0, 0.0]",0.0,caustic_one_frame_matching_sweep,local_caustic_one_frame_matching,outputs/caustic_one_frame_matching_sweep/condition_plan.json,,one_frame_matching,1,,Initial z is swept around the focal plane and modest defocus range. Brownian z is not constrained by this sweep condition.
E07_030,E07_030_lower_z_plus_2400_low_counts,lower,z_plus_2400_low_counts,2400.0,4200.0,256,116.0,40.0,1,0.025,,,,,,,reference_frame,"[0.0, 0.0, 0.0]",0.0,caustic_one_frame_lower_bound_sweep,local_caustic_one_frame_lower_bound,outputs/caustic_one_frame_lower_bound_sweep/metadata/video_0000.json,outputs/caustic_one_frame_lower_bound_sweep/metadata/video_0000.json,,1,"[14848.0, 14848.0, 2400.0]",
E07_031,E07_031_lower_z_plus_3000_low_counts,lower,z_plus_3000_low_counts,3000.0,4200.0,256,116.0,40.0,1,0.025,,,,,,,reference_frame,"[0.0, 0.0, 0.0]",0.0,caustic_one_frame_lower_bound_sweep,local_caustic_one_frame_lower_bound,outputs/caustic_one_frame_lower_bound_sweep/metadata/video_0001.json,outputs/caustic_one_frame_lower_bound_sweep/metadata/video_0001.json,,1,"[14848.0, 14848.0, 3000.0]",
E07_032,E07_032_lower_z_plus_3600_low_counts,lower,z_plus_3600_low_counts,3600.0,4200.0,256,116.0,40.0,1,0.025,,,,,,,reference_frame,"[0.0, 0.0, 0.0]",0.0,caustic_one_frame_lower_bound_sweep,local_caustic_one_frame_lower_bound,outputs/caustic_one_frame_lower_bound_sweep/metadata/video_0002.json,outputs/caustic_one_frame_lower_bound_sweep/metadata/video_0002.json,,1,"[14848.0, 14848.0, 3600.0]",
E07_033,E07_033_lower_z_plus_4400_low_counts,lower,z_plus_4400_low_counts,4400.0,4200.0,256,116.0,40.0,1,0.025,,,,,,,reference_frame,"[0.0, 0.0, 0.0]",0.0,caustic_one_frame_lower_bound_sweep,local_caustic_one_frame_lower_bound,outputs/caustic_one_frame_lower_bound_sweep/metadata/video_0003.json,outputs/caustic_one_frame_lower_bound_sweep/metadata/video_0003.json,,1,"[14848.0, 14848.0, 4400.0]",
E07_034,E07_034_lower_z_minus_2400_low_counts,lower,z_minus_2400_low_counts,-2400.0,4200.0,256,116.0,40.0,1,0.025,,,,,,,reference_frame,"[0.0, 0.0, 0.0]",0.0,caustic_one_frame_lower_bound_sweep,local_caustic_one_frame_lower_bound,outputs/caustic_one_frame_lower_bound_sweep/metadata/video_0004.json,outputs/caustic_one_frame_lower_bound_sweep/metadata/video_0004.json,,1,"[14848.0, 14848.0, -2400.0]",
E07_035,E07_035_lower_z_minus_3000_low_counts,lower,z_minus_3000_low_counts,-3000.0,4200.0,256,116.0,40.0,1,0.025,,,,,,,reference_frame,"[0.0, 0.0, 0.0]",0.0,caustic_one_frame_lower_bound_sweep,local_caustic_one_frame_lower_bound,outputs/caustic_one_frame_lower_bound_sweep/metadata/video_0005.json,outputs/caustic_one_frame_lower_bound_sweep/metadata/video_0005.json,,1,"[14848.0, 14848.0, -3000.0]",
E07_036,E07_036_lower_z_minus_3600_low_counts,lower,z_minus_3600_low_counts,-3600.0,4200.0,256,116.0,40.0,1,0.025,,,,,,,reference_frame,"[0.0, 0.0, 0.0]",0.0,caustic_one_frame_lower_bound_sweep,local_caustic_one_frame_lower_bound,outputs/caustic_one_frame_lower_bound_sweep/metadata/video_0006.json,outputs/caustic_one_frame_lower_bound_sweep/metadata/video_0006.json,,1,"[14848.0, 14848.0, -3600.0]",
E07_037,E07_037_lower_z_minus_4400_low_counts,lower,z_minus_4400_low_counts,-4400.0,4200.0,256,116.0,40.0,1,0.025,,,,,,,reference_frame,"[0.0, 0.0, 0.0]",0.0,caustic_one_frame_lower_bound_sweep,local_caustic_one_frame_lower_bound,outputs/caustic_one_frame_lower_bound_sweep/metadata/video_0007.json,outputs/caustic_one_frame_lower_bound_sweep/metadata/video_0007.json,,1,"[14848.0, 14848.0, -4400.0]",
E07_038,E07_038_lower_z_plus_3000_very_low_counts,lower,z_plus_3000_very_low_counts,3000.0,2600.0,256,116.0,40.0,1,0.025,,,,,,,reference_frame,"[0.0, 0.0, 0.0]",0.0,caustic_one_frame_lower_bound_sweep,local_caustic_one_frame_lower_bound,outputs/caustic_one_frame_lower_bound_sweep/metadata/video_0008.json,outputs/caustic_one_frame_lower_bound_sweep/metadata/video_0008.json,,1,"[14848.0, 14848.0, 3000.0]",
E07_039,E07_039_lower_z_plus_3600_very_low_counts,lower,z_plus_3600_very_low_counts,3600.0,2600.0,256,116.0,40.0,1,0.025,,,,,,,reference_frame,"[0.0, 0.0, 0.0]",0.0,caustic_one_frame_lower_bound_sweep,local_caustic_one_frame_lower_bound,outputs/caustic_one_frame_lower_bound_sweep/metadata/video_0009.json,outputs/caustic_one_frame_lower_bound_sweep/metadata/video_0009.json,,1,"[14848.0, 14848.0, 3600.0]",
E07_040,E07_040_lower_z_minus_3000_very_low_counts,lower,z_minus_3000_very_low_counts,-3000.0,2600.0,256,116.0,40.0,1,0.025,,,,,,,reference_frame,"[0.0, 0.0, 0.0]",0.0,caustic_one_frame_lower_bound_sweep,local_caustic_one_frame_lower_bound,outputs/caustic_one_frame_lower_bound_sweep/metadata/video_0010.json,outputs/caustic_one_frame_lower_bound_sweep/metadata/video_0010.json,,1,"[14848.0, 14848.0, -3000.0]",
E07_041,E07_041_lower_z_minus_3600_very_low_counts,lower,z_minus_3600_very_low_counts,-3600.0,2600.0,256,116.0,40.0,1,0.025,,,,,,,reference_frame,"[0.0, 0.0, 0.0]",0.0,caustic_one_frame_lower_bound_sweep,local_caustic_one_frame_lower_bound,outputs/caustic_one_frame_lower_bound_sweep/metadata/video_0011.json,outputs/caustic_one_frame_lower_bound_sweep/metadata/video_0011.json,,1,"[14848.0, 14848.0, -3600.0]",
E07_042,E07_042_lower_z_plus_3000_short_exposure,lower,z_plus_3000_short_exposure,3000.0,3600.0,256,116.0,40.0,1,0.025,,,,,,,reference_frame,"[0.0, 0.0, 0.0]",0.0,caustic_one_frame_lower_bound_sweep,local_caustic_one_frame_lower_bound,outputs/caustic_one_frame_lower_bound_sweep/metadata/video_0012.json,outputs/caustic_one_frame_lower_bound_sweep/metadata/video_0012.json,,1,"[14848.0, 14848.0, 3000.0]",
E07_043,E07_043_lower_z_plus_3600_short_exposure,lower,z_plus_3600_short_exposure,3600.0,3600.0,256,116.0,40.0,1,0.025,,,,,,,reference_frame,"[0.0, 0.0, 0.0]",0.0,caustic_one_frame_lower_bound_sweep,local_caustic_one_frame_lower_bound,outputs/caustic_one_frame_lower_bound_sweep/metadata/video_0013.json,outputs/caustic_one_frame_lower_bound_sweep/metadata/video_0013.json,,1,"[14848.0, 14848.0, 3600.0]",
E07_044,E07_044_lower_z_plus_3000_lower_na,lower,z_plus_3000_lower_na,3000.0,3600.0,256,116.0,40.0,1,0.025,,,,,,,reference_frame,"[0.0, 0.0, 0.0]",0.0,caustic_one_frame_lower_bound_sweep,local_caustic_one_frame_lower_bound,outputs/caustic_one_frame_lower_bound_sweep/metadata/video_0014.json,outputs/caustic_one_frame_lower_bound_sweep/metadata/video_0014.json,,1,"[14848.0, 14848.0, 3000.0]",
E07_045,E07_045_lower_z_plus_3600_lower_na,lower,z_plus_3600_lower_na,3600.0,3600.0,256,116.0,40.0,1,0.025,,,,,,,reference_frame,"[0.0, 0.0, 0.0]",0.0,caustic_one_frame_lower_bound_sweep,local_caustic_one_frame_lower_bound,outputs/caustic_one_frame_lower_bound_sweep/metadata/video_0015.json,outputs/caustic_one_frame_lower_bound_sweep/metadata/video_0015.json,,1,"[14848.0, 14848.0, 3600.0]",
E07_046,E07_046_lower_z_plus_3000_higher_na,lower,z_plus_3000_higher_na,3000.0,3600.0,256,116.0,40.0,1,0.025,,,,,,,reference_frame,"[0.0, 0.0, 0.0]",0.0,caustic_one_frame_lower_bound_sweep,local_caustic_one_frame_lower_bound,outputs/caustic_one_frame_lower_bound_sweep/metadata/video_0016.json,outputs/caustic_one_frame_lower_bound_sweep/metadata/video_0016.json,,1,"[14848.0, 14848.0, 3000.0]",
E07_047,E07_047_lower_z_plus_3600_higher_na,lower,z_plus_3600_higher_na,3600.0,3600.0,256,116.0,40.0,1,0.025,,,,,,,reference_frame,"[0.0, 0.0, 0.0]",0.0,caustic_one_frame_lower_bound_sweep,local_caustic_one_frame_lower_bound,outputs/caustic_one_frame_lower_bound_sweep/metadata/video_0017.json,outputs/caustic_one_frame_lower_bound_sweep/metadata/video_0017.json,,1,"[14848.0, 14848.0, 3600.0]",
E07_048,E07_048_lower_z_plus_3000_green,lower,z_plus_3000_green,3000.0,3600.0,256,116.0,40.0,1,0.025,,,,,,,reference_frame,"[0.0, 0.0, 0.0]",0.0,caustic_one_frame_lower_bound_sweep,local_caustic_one_frame_lower_bound,outputs/caustic_one_frame_lower_bound_sweep/metadata/video_0018.json,outputs/caustic_one_frame_lower_bound_sweep/metadata/video_0018.json,,1,"[14848.0, 14848.0, 3000.0]",
E07_049,E07_049_lower_z_plus_3000_yellow,lower,z_plus_3000_yellow,3000.0,3600.0,256,116.0,40.0,1,0.025,,,,,,,reference_frame,"[0.0, 0.0, 0.0]",0.0,caustic_one_frame_lower_bound_sweep,local_caustic_one_frame_lower_bound,outputs/caustic_one_frame_lower_bound_sweep/metadata/video_0019.json,outputs/caustic_one_frame_lower_bound_sweep/metadata/video_0019.json,,1,"[14848.0, 14848.0, 3000.0]",
E07_050,E07_050_lower_z_plus_3000_medium_texture,lower,z_plus_3000_medium_texture,3000.0,4200.0,256,116.0,40.0,1,0.025,,,,,,,reference_frame,"[0.0, 0.0, 0.0]",0.0,caustic_one_frame_lower_bound_sweep,local_caustic_one_frame_lower_bound,outputs/caustic_one_frame_lower_bound_sweep/metadata/video_0020.json,outputs/caustic_one_frame_lower_bound_sweep/metadata/video_0020.json,,1,"[14848.0, 14848.0, 3000.0]",
E07_051,E07_051_lower_z_plus_3600_medium_texture,lower,z_plus_3600_medium_texture,3600.0,4200.0,256,116.0,40.0,1,0.025,,,,,,,reference_frame,"[0.0, 0.0, 0.0]",0.0,caustic_one_frame_lower_bound_sweep,local_caustic_one_frame_lower_bound,outputs/caustic_one_frame_lower_bound_sweep/metadata/video_0021.json,outputs/caustic_one_frame_lower_bound_sweep/metadata/video_0021.json,,1,"[14848.0, 14848.0, 3600.0]",
E07_052,E07_052_lower_z_plus_3000_stronger_texture,lower,z_plus_3000_stronger_texture,3000.0,3600.0,256,116.0,40.0,1,0.025,,,,,,,reference_frame,"[0.0, 0.0, 0.0]",0.0,caustic_one_frame_lower_bound_sweep,local_caustic_one_frame_lower_bound,outputs/caustic_one_frame_lower_bound_sweep/metadata/video_0022.json,outputs/caustic_one_frame_lower_bound_sweep/metadata/video_0022.json,,1,"[14848.0, 14848.0, 3000.0]",
E07_053,E07_053_lower_z_plus_3600_stronger_texture,lower,z_plus_3600_stronger_texture,3600.0,3600.0,256,116.0,40.0,1,0.025,,,,,,,reference_frame,"[0.0, 0.0, 0.0]",0.0,caustic_one_frame_lower_bound_sweep,local_caustic_one_frame_lower_bound,outputs/caustic_one_frame_lower_bound_sweep/metadata/video_0023.json,outputs/caustic_one_frame_lower_bound_sweep/metadata/video_0023.json,,1,"[14848.0, 14848.0, 3600.0]",
E07_054,E07_054_lower_z_plus_3000_small_vibration,lower,z_plus_3000_small_vibration,3000.0,3600.0,256,116.0,40.0,1,0.025,,,,,,,reference_frame,"[0.0, 0.0, 0.0]",0.0,caustic_one_frame_lower_bound_sweep,local_caustic_one_frame_lower_bound,outputs/caustic_one_frame_lower_bound_sweep/metadata/video_0024.json,outputs/caustic_one_frame_lower_bound_sweep/metadata/video_0024.json,,1,"[14848.0, 14848.0, 3000.0]",
E07_055,E07_055_lower_z_plus_3600_small_vibration,lower,z_plus_3600_small_vibration,3600.0,3600.0,256,116.0,40.0,1,0.025,,,,,,,reference_frame,"[0.0, 0.0, 0.0]",0.0,caustic_one_frame_lower_bound_sweep,local_caustic_one_frame_lower_bound,outputs/caustic_one_frame_lower_bound_sweep/metadata/video_0025.json,outputs/caustic_one_frame_lower_bound_sweep/metadata/video_0025.json,,1,"[14848.0, 14848.0, 3600.0]",
E07_056,E07_056_lower_z_plus_3000_high_viscosity,lower,z_plus_3000_high_viscosity,3000.0,3600.0,256,116.0,40.0,1,0.025,,,,,,,reference_frame,"[0.0, 0.0, 0.0]",0.0,caustic_one_frame_lower_bound_sweep,local_caustic_one_frame_lower_bound,outputs/caustic_one_frame_lower_bound_sweep/metadata/video_0026.json,outputs/caustic_one_frame_lower_bound_sweep/metadata/video_0026.json,,1,"[14848.0, 14848.0, 3000.0]",
E07_057,E07_057_lower_z_plus_3600_high_viscosity,lower,z_plus_3600_high_viscosity,3600.0,3600.0,256,116.0,40.0,1,0.025,,,,,,,reference_frame,"[0.0, 0.0, 0.0]",0.0,caustic_one_frame_lower_bound_sweep,local_caustic_one_frame_lower_bound,outputs/caustic_one_frame_lower_bound_sweep/metadata/video_0027.json,outputs/caustic_one_frame_lower_bound_sweep/metadata/video_0027.json,,1,"[14848.0, 14848.0, 3600.0]",
E07_058,E07_058_lower_z_plus_3000_stage_drift,lower,z_plus_3000_stage_drift,3000.0,3600.0,256,116.0,40.0,1,0.025,,,,,,,reference_frame,"[0.0, 0.0, 0.0]",0.0,caustic_one_frame_lower_bound_sweep,local_caustic_one_frame_lower_bound,outputs/caustic_one_frame_lower_bound_sweep/metadata/video_0028.json,outputs/caustic_one_frame_lower_bound_sweep/metadata/video_0028.json,,1,"[14848.0, 14848.0, 3000.0]",
E07_059,E07_059_lower_z_plus_4400_stage_drift,lower,z_plus_4400_stage_drift,4400.0,3600.0,256,116.0,40.0,1,0.025,,,,,,,reference_frame,"[0.0, 0.0, 0.0]",0.0,caustic_one_frame_lower_bound_sweep,local_caustic_one_frame_lower_bound,outputs/caustic_one_frame_lower_bound_sweep/metadata/video_0029.json,outputs/caustic_one_frame_lower_bound_sweep/metadata/video_0029.json,,1,"[14848.0, 14848.0, 4400.0]",
E07_060,E07_060_hard_fast_z_plus_6000_low_counts,hard_fast,z_plus_6000_low_counts,6000.0,2000.0,192,116.0,40.0,1,0.025,,,,,,,reference_frame,"[0.0, 0.0, 0.0]",0.0,caustic_one_frame_hard_fast_sweep,local_caustic_one_frame_hard_fast,outputs/caustic_one_frame_hard_fast_sweep/metadata/video_0000.json,outputs/caustic_one_frame_hard_fast_sweep/metadata/video_0000.json,,1,"[11136.0, 11136.0, 6000.0]",
E07_061,E07_061_hard_fast_z_minus_6000_low_counts,hard_fast,z_minus_6000_low_counts,-6000.0,2000.0,192,116.0,40.0,1,0.025,,,,,,,reference_frame,"[0.0, 0.0, 0.0]",0.0,caustic_one_frame_hard_fast_sweep,local_caustic_one_frame_hard_fast,outputs/caustic_one_frame_hard_fast_sweep/metadata/video_0001.json,outputs/caustic_one_frame_hard_fast_sweep/metadata/video_0001.json,,1,"[11136.0, 11136.0, -6000.0]",
E07_062,E07_062_hard_fast_z_plus_8000_very_low_counts,hard_fast,z_plus_8000_very_low_counts,8000.0,1400.0,192,116.0,40.0,1,0.025,,,,,,,reference_frame,"[0.0, 0.0, 0.0]",0.0,caustic_one_frame_hard_fast_sweep,local_caustic_one_frame_hard_fast,outputs/caustic_one_frame_hard_fast_sweep/metadata/video_0002.json,outputs/caustic_one_frame_hard_fast_sweep/metadata/video_0002.json,,1,"[11136.0, 11136.0, 8000.0]",
E07_063,E07_063_hard_fast_z_minus_8000_very_low_counts,hard_fast,z_minus_8000_very_low_counts,-8000.0,1400.0,192,116.0,40.0,1,0.025,,,,,,,reference_frame,"[0.0, 0.0, 0.0]",0.0,caustic_one_frame_hard_fast_sweep,local_caustic_one_frame_hard_fast,outputs/caustic_one_frame_hard_fast_sweep/metadata/video_0003.json,outputs/caustic_one_frame_hard_fast_sweep/metadata/video_0003.json,,1,"[11136.0, 11136.0, -8000.0]",
E07_064,E07_064_hard_fast_z_plus_6000_lower_na,hard_fast,z_plus_6000_lower_na,6000.0,1800.0,192,116.0,40.0,1,0.025,,,,,,,reference_frame,"[0.0, 0.0, 0.0]",0.0,caustic_one_frame_hard_fast_sweep,local_caustic_one_frame_hard_fast,outputs/caustic_one_frame_hard_fast_sweep/metadata/video_0004.json,outputs/caustic_one_frame_hard_fast_sweep/metadata/video_0004.json,,1,"[11136.0, 11136.0, 6000.0]",
E07_065,E07_065_hard_fast_z_plus_6000_higher_na,hard_fast,z_plus_6000_higher_na,6000.0,1800.0,192,116.0,40.0,1,0.025,,,,,,,reference_frame,"[0.0, 0.0, 0.0]",0.0,caustic_one_frame_hard_fast_sweep,local_caustic_one_frame_hard_fast,outputs/caustic_one_frame_hard_fast_sweep/metadata/video_0005.json,outputs/caustic_one_frame_hard_fast_sweep/metadata/video_0005.json,,1,"[11136.0, 11136.0, 6000.0]",
E07_066,E07_066_hard_fast_z_plus_7000_green,hard_fast,z_plus_7000_green,7000.0,1800.0,192,116.0,40.0,1,0.025,,,,,,,reference_frame,"[0.0, 0.0, 0.0]",0.0,caustic_one_frame_hard_fast_sweep,local_caustic_one_frame_hard_fast,outputs/caustic_one_frame_hard_fast_sweep/metadata/video_0006.json,outputs/caustic_one_frame_hard_fast_sweep/metadata/video_0006.json,,1,"[11136.0, 11136.0, 7000.0]",
E07_067,E07_067_hard_fast_z_plus_7000_yellow,hard_fast,z_plus_7000_yellow,7000.0,1800.0,192,116.0,40.0,1,0.025,,,,,,,reference_frame,"[0.0, 0.0, 0.0]",0.0,caustic_one_frame_hard_fast_sweep,local_caustic_one_frame_hard_fast,outputs/caustic_one_frame_hard_fast_sweep/metadata/video_0007.json,outputs/caustic_one_frame_hard_fast_sweep/metadata/video_0007.json,,1,"[11136.0, 11136.0, 7000.0]",
E07_068,E07_068_hard_fast_z_plus_7000_fine_texture,hard_fast,z_plus_7000_fine_texture,7000.0,1800.0,192,116.0,40.0,1,0.025,,,,,,,reference_frame,"[0.0, 0.0, 0.0]",0.0,caustic_one_frame_hard_fast_sweep,local_caustic_one_frame_hard_fast,outputs/caustic_one_frame_hard_fast_sweep/metadata/video_0008.json,outputs/caustic_one_frame_hard_fast_sweep/metadata/video_0008.json,,1,"[11136.0, 11136.0, 7000.0]",
E07_069,E07_069_hard_fast_z_plus_7000_coarse_texture,hard_fast,z_plus_7000_coarse_texture,7000.0,1800.0,192,116.0,40.0,1,0.025,,,,,,,reference_frame,"[0.0, 0.0, 0.0]",0.0,caustic_one_frame_hard_fast_sweep,local_caustic_one_frame_hard_fast,outputs/caustic_one_frame_hard_fast_sweep/metadata/video_0009.json,outputs/caustic_one_frame_hard_fast_sweep/metadata/video_0009.json,,1,"[11136.0, 11136.0, 7000.0]",
E07_070,E07_070_hard_fast_z_plus_7000_vibration,hard_fast,z_plus_7000_vibration,7000.0,1800.0,192,116.0,40.0,1,0.025,,,,,,,reference_frame,"[0.0, 0.0, 0.0]",0.0,caustic_one_frame_hard_fast_sweep,local_caustic_one_frame_hard_fast,outputs/caustic_one_frame_hard_fast_sweep/metadata/video_0010.json,outputs/caustic_one_frame_hard_fast_sweep/metadata/video_0010.json,,1,"[11136.0, 11136.0, 7000.0]",
E07_071,E07_071_hard_fast_z_plus_9000_near_failure,hard_fast,z_plus_9000_near_failure,9000.0,1200.0,192,116.0,40.0,1,0.025,,,,,,,reference_frame,"[0.0, 0.0, 0.0]",0.0,caustic_one_frame_hard_fast_sweep,local_caustic_one_frame_hard_fast,outputs/caustic_one_frame_hard_fast_sweep/metadata/video_0011.json,outputs/caustic_one_frame_hard_fast_sweep/metadata/video_0011.json,,1,"[11136.0, 11136.0, 9000.0]",
